id,price_usd,price_decile
156805,66.0,0
209068,100.0,3
259576,125.0,4
427497,159.0,6
621243,156.0,6
660702,71.0,1
674894,54.0,0
840696,201.0,7
846221,177.0,6
875735,60.0,0
943832,257.0,8
976034,132.0,4
977054,130.0,4
1039028,105.0,3
1066156,146.0,5
1297717,79.0,1
1332684,56.0,0
1392363,215.0,7
1393012,79.0,1
1466495,145.0,5
1569954,150.0,5
1586906,90.0,2
1684109,275.0,8
1851921,129.0,4
1879067,95.0,2
2176375,55.0,0
2222067,99.0,2
2254521,65.0,0
2296152,81.0,1
2326086,139.0,5
2411109,86.0,2
2569529,85.0,1
2643168,999.0,9
3066648,100.0,3
3084395,137.0,5
3095136,225.0,7
3220474,44.0,0
3225871,33.0,0
3268055,82.0,1
3314819,43.0,0
3445336,150.0,5
3445948,545.0,9
3454237,80.0,1
3529241,164.0,6
3563156,55.0,0
3649639,106.0,3
3767793,763.0,9
3868910,124.0,4
3945733,95.0,2
3990524,59.0,0
4124504,99.0,2
4241484,136.0,5
4304358,58.0,0
4394670,75.0,1
4846733,211.0,7
4875054,95.0,2
4895765,86.0,2
4931736,93.0,2
4994407,225.0,7
5114762,137.0,5
5151226,314.0,8
5261984,180.0,6
5288006,75.0,1
5333015,236.0,7
5506704,75.0,1
5850649,68.0,0
5868695,354.0,9
6054250,90.0,2
6079982,102.0,3
6170347,51.0,0
6197585,71.0,1
6227094,159.0,6
6234618,79.0,1
6290666,97.0,2
6399802,89.0,2
6452410,73.0,1
6609327,325.0,8
6724476,163.0,6
6760016,98.0,2
6813265,61.0,0
6818139,87.0,2
6913630,65.0,0
6970329,136.0,5
7001873,108.0,3
7045303,99.0,2
7103096,95.0,2
7418991,115.0,4
7438838,195.0,7
7665386,83.0,1
7665735,289.0,8
7859259,100.0,3
7887572,93.0,2
7938930,62.0,0
7967886,75.0,1
8089299,60.0,0
8193368,123.0,4
8246075,120.0,4
8265544,239.0,7
8513468,80.0,1
8593492,371.0,9
8782463,81.0,1
9022608,148.0,5
9243493,285.0,8
9944111,124.0,4
10085566,60.0,0
10089256,137.0,5
10263107,249.0,8
10360188,150.0,5
10524188,250.0,8
10632884,83.0,1
10724022,445.0,9
10785231,114.0,3
10853381,195.0,7
11259371,70.0,0
11291801,175.0,6
11421709,86.0,2
11489172,125.0,4
11553531,78.0,1
11609580,131.0,4
11811039,89.0,2
11938223,126.0,4
11947108,122.0,4
12144656,93.0,2
12222050,250.0,8
12250733,95.0,2
12281167,46.0,0
12286328,27.0,0
12400514,120.0,4
12472966,120.0,4
12763722,209.0,7
12809255,70.0,0
12813635,200.0,7
12834984,127.0,4
12848084,96.0,2
12970301,46.0,0
13186091,162.0,6
13206560,165.0,6
13234214,135.0,5
13274313,142.0,5
13326253,92.0,2
13333422,116.0,4
13348419,151.0,5
13386987,40.0,0
13426466,74.0,1
13556933,74.0,1
13621363,111.0,3
13674901,58.0,0
13686565,224.0,7
13716891,87.0,2
14110641,148.0,5
14125023,80.0,1
14167740,55.0,0
14168464,117.0,4
14236639,119.0,4
14357005,45.0,0
14514191,75.0,1
14561813,171.0,6
14632829,62.0,0
14652591,80.0,1
14738243,53.0,0
14805266,207.0,7
14835813,110.0,3
14963589,116.0,4
15124397,112.0,3
15158878,83.0,1
15192947,220.0,7
15231248,89.0,2
15248786,105.0,3
15351409,116.0,4
15422307,103.0,3
15437202,51.0,0
15444450,150.0,5
15462269,295.0,8
15476300,195.0,7
15510852,71.0,1
15544670,54.0,0
15546661,75.0,1
15653105,40.0,0
15685101,83.0,1
15706129,110.0,3
15757654,100.0,3
15867765,126.0,4
15936945,429.0,9
15995355,164.0,6
16095359,143.0,5
16147877,159.0,6
16155218,105.0,3
16203903,189.0,6
16211914,145.0,5
16267469,78.0,1
16284364,97.0,2
16451105,229.0,7
16476358,117.0,4
16512718,98.0,2
16532936,151.0,5
16566334,95.0,2
16636978,114.0,3
16660917,164.0,6
16663252,120.0,4
16700354,135.0,5
16810083,71.0,1
16832848,292.0,8
16846899,161.0,6
16856815,102.0,3
16868257,187.0,6
16937948,580.0,9
16937957,138.0,5
16937995,400.0,9
17036413,109.0,3
17116810,90.0,2
17155164,94.0,2
17157429,120.0,4
17158172,99.0,2
17310280,179.0,6
17345566,331.0,8
17446056,169.0,6
17552287,113.0,3
17606368,734.0,9
17634705,90.0,2
17638102,150.0,5
17648416,279.0,8
17649947,70.0,0
17653835,59.0,0
17726977,96.0,2
17774784,143.0,5
17780854,65.0,0
17794306,106.0,3
17826503,110.0,3
17892316,62.0,0
17917678,143.0,5
17935396,134.0,5
18021364,187.0,6
18092896,98.0,2
18121899,92.0,2
18308309,83.0,1
18308869,83.0,1
18309080,83.0,1
18322086,187.0,6
18393059,54.0,0
18459334,100.0,3
18487194,85.0,1
18721359,50.0,0
18776404,106.0,3
18784621,64.0,0
18910863,69.0,0
18928361,366.0,9
18974593,545.0,9
19029460,77.0,1
19032051,98.0,2
19066373,176.0,6
19077911,143.0,5
19135906,75.0,1
19326768,169.0,6
19561946,77.0,1
19620931,228.0,7
19643402,85.0,1
19809125,86.0,2
19870831,88.0,2
19992336,79.0,1
20008452,80.0,1
20121078,92.0,2
20131746,125.0,4
20153704,79.0,1
20174635,114.0,3
20241154,195.0,7
20268605,156.0,6
20355406,118.0,4
20408452,75.0,1
20439998,55.0,0
20456408,193.0,7
20456656,66.0,0
20473937,116.0,4
20504787,72.0,1
20542316,268.0,8
20583406,105.0,3
20624327,89.0,2
20624404,52.0,0
20638444,525.0,9
20697183,95.0,2
20744323,350.0,9
20747532,90.0,2
20759062,135.0,5
20773653,204.0,7
20815440,116.0,4
20830901,103.0,3
20855873,62.0,0
20858987,150.0,5
20872849,275.0,8
20970417,146.0,5
21054722,79.0,1
21104844,130.0,4
21253016,98.0,2
21297231,73.0,1
21354161,140.0,5
21382558,349.0,9
21449558,115.0,4
21947972,81.0,1
22049704,76.0,1
22095619,78.0,1
22107175,145.0,5
22114590,203.0,7
22119778,336.0,8
22151438,291.0,8
22306380,125.0,4
22317485,237.0,7
22351697,50.0,0
22360186,72.0,1
22408602,85.0,1
22437203,51.0,0
22437447,44.0,0
22511514,148.0,5
22517744,100.0,3
22530746,116.0,4
22589049,96.0,2
22594761,76.0,1
22683936,308.0,8
22684155,195.0,7
22740737,109.0,3
22773505,142.0,5
22813165,85.0,1
22848760,83.0,1
22924150,111.0,3
22944749,126.0,4
23068704,43.0,0
23076921,75.0,1
23084647,81.0,1
23234938,107.0,3
23254729,75.0,1
23285263,98.0,2
23335956,175.0,6
23370743,97.0,2
23393644,75.0,1
23481039,102.0,3
23516374,144.0,5
23518897,332.0,8
23523473,86.0,2
23525377,99.0,2
23541284,364.0,9
23546508,110.0,3
23562622,150.0,5
23564110,74.0,1
23579032,210.0,7
23579231,550.0,9
23596421,160.0,6
23644478,183.0,6
23715234,86.0,2
23739741,197.0,7
23740885,129.0,4
23745497,99.0,2
23748724,413.0,9
23748903,314.0,8
23748992,364.0,9
23749047,364.0,9
23788596,2204.0,9
23824223,176.0,6
23859316,119.0,4
23874576,108.0,3
23881173,85.0,1
23921294,209.0,7
23935850,225.0,7
24080389,105.0,3
24117606,72.0,1
24196245,113.0,3
24222452,162.0,6
24280176,96.0,2
24287936,90.0,2
24306486,234.0,7
24312963,81.0,1
24347730,300.0,8
24387676,84.0,1
24428641,425.0,9
24445744,123.0,4
24492331,250.0,8
24493492,95.0,2
24520534,55.0,0
24540122,103.0,3
24605088,62.0,0
24752561,196.0,7
24797144,117.0,4
24817711,136.0,5
24873765,89.0,2
24882481,191.0,7
24885757,65.0,0
24942698,145.0,5
24945996,81.0,1
24984793,84.0,1
25013010,50.0,0
25068792,305.0,8
25132222,551.0,9
25138871,20.0,0
25212461,79.0,1
25251626,83.0,1
25281090,249.0,8
25322676,68.0,0
25418819,66.0,0
25471043,75.0,1
25479162,106.0,3
25518066,107.0,3
25679471,89.0,2
25882810,79.0,1
26098132,37.0,0
26129371,105.0,3
26160335,281.0,8
26163788,85.0,1
26189814,174.0,6
26190390,90.0,2
26276337,160.0,6
26298501,28.0,0
26339145,236.0,7
26391300,120.0,4
26410860,125.0,4
26528680,145.0,5
26634224,20.0,0
26639631,102.0,3
26690388,52.0,0
26740506,51.0,0
26910515,75.0,1
27123967,174.0,6
27132022,86.0,2
27156940,169.0,6
27289254,488.0,9
27306911,135.0,5
27337463,160.0,6
27461996,87.0,2
27466554,119.0,4
27583238,725.0,9
27645716,125.0,4
27699328,170.0,6
27759123,81.0,1
28001503,62.0,0
28042422,190.0,7
28133323,134.0,5
28156491,68.0,0
28216632,89.0,2
28245965,385.0,9
28335156,136.0,5
28544931,156.0,6
28607789,45.0,0
28608801,220.0,7
28758757,220.0,7
28777663,85.0,1
28838800,319.0,8
28843687,290.0,8
28865830,277.0,8
28927010,108.0,3
28960407,201.0,7
28986868,72.0,1
29003338,314.0,8
29026930,106.0,3
29052301,127.0,4
29073142,122.0,4
29098489,119.0,4
29125407,119.0,4
29180843,100.0,3
29187033,90.0,2
29208295,69.0,0
29228806,88.0,2
29301481,319.0,8
29482441,64.0,0
29634104,65.0,0
29657686,96.0,2
29659193,130.0,4
29674621,251.0,8
29678853,69.0,0
29680084,85.0,1
29732553,601.0,9
29791163,394.0,9
29852695,92.0,2
29902436,103.0,3
30043315,206.0,7
30050870,90.0,2
30069015,77.0,1
30103018,532.0,9
30126158,95.0,2
30174581,145.0,5
30183789,53.0,0
30467126,160.0,6
30509573,99.0,2
30530457,271.0,8
30533902,79.0,1
30686620,81.0,1
30914894,313.0,8
31018757,202.0,7
31071936,103.0,3
31072759,69.0,0
31087353,275.0,8
31089456,10.0,0
31194218,96.0,2
31208516,64.0,0
31219623,275.0,8
31241544,151.0,5
31318558,170.0,6
31318559,164.0,6
31318560,113.0,3
31318561,207.0,7
31318562,283.0,8
31318564,293.0,8
31318566,336.0,8
31327477,136.0,5
31407515,220.0,7
31411427,361.0,9
31412553,221.0,7
31460257,125.0,4
31493518,63.0,0
31511845,99.0,2
31516196,88.0,2
31598200,125.0,4
31621623,139.0,5
31648019,108.0,3
31681782,183.0,6
31681784,282.0,8
31682606,150.0,5
31693217,67.0,0
31835900,122.0,4
31906884,136.0,5
31922275,120.0,4
32107182,100.0,3
32134137,204.0,7
32259212,267.0,8
32301460,180.0,6
32332610,110.0,3
32338208,125.0,4
32415241,282.0,8
32607516,154.0,5
32671236,325.0,8
32734094,265.0,8
32792238,325.0,8
32851430,134.0,5
32942664,165.0,6
32984082,325.0,8
33017346,235.0,7
33041360,70.0,0
33069007,335.0,8
33098499,101.0,3
33119826,1995.0,9
33160534,131.0,4
33190964,161.0,6
33296597,89.0,2
33521140,394.0,9
33550216,337.0,8
33658927,481.0,9
33663157,86.0,2
33666340,342.0,8
33773838,105.0,3
33774034,210.0,7
33798638,72.0,1
33807319,364.0,9
33807444,418.0,9
33807802,418.0,9
33807903,485.0,9
33990853,250.0,8
34086588,80.0,1
34095689,183.0,6
34152268,21.0,0
34207606,47.0,0
34441424,1033.0,9
34441430,247.0,8
34782201,153.0,5
34787446,25.0,0
34791824,71.0,1
34900080,94.0,2
34939398,999.0,9
35031057,189.0,6
35038518,165.0,6
35064768,77.0,1
35079780,114.0,3
35115113,999.0,9
35115885,999.0,9
35116434,999.0,9
35121441,999.0,9
35121972,999.0,9
35125703,55.0,0
35162584,25.0,0
35218486,307.0,8
35287564,599.0,9
35373849,114.0,3
35397847,139.0,5
35397853,203.0,7
35485678,150.0,5
35515854,74.0,1
35521639,139.0,5
35623115,95.0,2
35651969,107.0,3
35737803,179.0,6
35774025,229.0,7
35918507,1101.0,9
35963534,100.0,3
35971430,175.0,6
36100528,103.0,3
36180237,95.0,2
36263273,116.0,4
36506806,62.0,0
36550199,393.0,9
36624410,448.0,9
36688139,369.0,9
36727850,228.0,7
37314271,103.0,3
37325558,86.0,2
37721737,82.0,1
37974419,183.0,6
37990138,64.0,0
37997584,123.0,4
38052258,100.0,3
38074026,152.0,5
38097291,153.0,5
38135882,157.0,6
38540766,121.0,4
38597290,183.0,6
38622883,54.0,0
38670161,123.0,4
38799800,97.0,2
38877912,595.0,9
39177450,156.0,6
39199324,321.0,8
39225051,132.0,4
39444836,134.0,5
39577589,66.0,0
40091044,329.0,8
40284917,172.0,6
40489327,97.0,2
40610548,1000.0,9
41257317,46.0,0
41292632,307.0,8
41292656,360.0,9
41313257,125.0,4
41316941,140.0,5
41343517,142.0,5
41369383,156.0,6
41399818,317.0,8
41430658,200.0,7
41462738,306.0,8
41521300,130.0,4
41530112,1417.0,9
41530116,250.0,8
41535169,234.0,7
41552896,428.0,9
41595531,368.0,9
41685614,189.0,6
41717325,191.0,7
41800927,158.0,6
41839397,201.0,7
41869751,76.0,1
41947796,149.0,5
42011229,375.0,9
42116019,275.0,8
42225770,84.0,1
42278468,119.0,4
42286550,59.0,0
42305242,375.0,9
42464524,90.0,2
42464593,175.0,6
42542129,105.0,3
42586570,243.0,7
42615531,667.0,9
42758714,510.0,9
42966700,111.0,3
42975839,175.0,6
43047912,86.0,2
43051231,117.0,4
43056604,109.0,3
43123763,170.0,6
43256573,112.0,3
43379372,79.0,1
43403464,172.0,6
43496785,124.0,4
43660421,225.0,7
43731923,276.0,8
43789016,164.0,6
43906817,124.0,4
44059758,362.0,9
44076331,123.0,4
44105184,177.0,6
44154406,79.0,1
44244512,165.0,6
44267023,92.0,2
44299517,372.0,9
44373225,180.0,6
44385896,323.0,8
44404683,107.0,3
44449439,108.0,3
44505327,107.0,3
44561631,62.0,0
44577918,88.0,2
44632019,154.0,5
44665751,103.0,3
44678181,38.0,0
44995087,98.0,2
45023214,139.0,5
45063891,140.0,5
45070056,287.0,8
45213684,163.0,6
45266904,245.0,7
45285765,128.0,4
45349080,64.0,0
45351656,75.0,1
45363719,316.0,8
45402516,201.0,7
45492496,107.0,3
45531550,134.0,5
45532786,152.0,5
45533156,329.0,8
45591120,70.0,0
45603008,201.0,7
45619526,85.0,1
45621623,150.0,5
45655928,50.0,0
45717828,40.0,0
45734694,260.0,8
45740790,124.0,4
45765329,116.0,4
45784291,130.0,4
45813359,141.0,5
45829371,125.0,4
45848676,99.0,2
45880069,153.0,5
45892156,241.0,7
45893285,29.0,0
45937183,210.0,7
45970476,171.0,6
45988503,104.0,3
45996344,73.0,1
46005799,210.0,7
46053732,115.0,4
46055359,147.0,5
46154927,95.0,2
46196757,80.0,1
46234222,92.0,2
46260287,115.0,4
46277556,139.0,5
46447086,79.0,1
46449865,120.0,4
46533293,332.0,8
46562220,123.0,4
46579429,160.0,6
46584746,122.0,4
46655499,168.0,6
46655501,263.0,8
46655502,365.0,9
46709631,363.0,9
46711740,349.0,9
46837010,56.0,0
46865926,79.0,1
46891798,99.0,2
46894086,280.0,8
46901035,141.0,5
46943925,207.0,7
46943928,141.0,5
47023950,58.0,0
47028331,146.0,5
47029478,350.0,9
47034316,112.0,3
47058648,249.0,8
47069470,250.0,8
47069955,90.0,2
47076617,174.0,6
47096192,250.0,8
47178939,350.0,9
47288351,195.0,7
47330330,83.0,1
47331141,125.0,4
47332524,107.0,3
47405082,99.0,2
47461928,276.0,8
47714591,80.0,1
47732580,148.0,5
47785836,100.0,3
47788298,657.0,9
47810721,62.0,0
47834023,105.0,3
47843399,250.0,8
47845490,391.0,9
47871995,350.0,9
47872540,83.0,1
47883934,92.0,2
47944926,352.0,9
47952458,128.0,4
47963232,278.0,8
47963676,95.0,2
48015175,130.0,4
48017079,210.0,7
48018838,336.0,8
48028960,219.0,7
48053587,177.0,6
48100107,107.0,3
48105328,260.0,8
48122568,90.0,2
48133895,110.0,3
48167244,48.0,0
48182872,6000.0,9
48225674,345.0,8
48254135,124.0,4
48264488,130.0,4
48281109,349.0,9
48349613,130.0,4
48355314,102.0,3
48366092,168.0,6
48398336,91.0,2
48400501,252.0,8
48413314,1650.0,9
48422819,130.0,4
48465967,84.0,1
48472091,98.0,2
48491502,56.0,0
48547583,392.0,9
48547584,176.0,6
48570953,181.0,6
48639348,75.0,1
48657021,167.0,6
48661410,240.0,7
48672074,75.0,1
48672808,722.0,9
48672812,360.0,9
48672814,957.0,9
48699580,79.0,1
48700024,148.0,5
48707829,249.0,8
48731200,300.0,8
48735115,87.0,2
48748360,90.0,2
48764233,92.0,2
48778803,257.0,8
48783147,80.0,1
48819249,140.0,5
48824124,65.0,0
48841953,160.0,6
48887124,326.0,8
48899534,261.0,8
48899543,140.0,5
48899545,402.0,9
48900848,121.0,4
48901952,100.0,3
48903100,175.0,6
48969877,125.0,4
48971919,151.0,5
48972465,150.0,5
48974282,150.0,5
48974582,131.0,4
49037064,296.0,8
49070464,103.0,3
49086595,150.0,5
49093110,149.0,5
49152916,213.0,7
49154831,157.0,6
49155406,296.0,8
49198441,300.0,8
49232318,118.0,4
49243841,84.0,1
49338161,265.0,8
49361421,94.0,2
49401018,220.0,7
49402207,119.0,4
49443439,97.0,2
49463884,278.0,8
49468364,335.0,8
49484290,95.0,2
49503229,125.0,4
49503489,63.0,0
49506016,82.0,1
49516666,575.0,9
49544765,80.0,1
49595881,389.0,9
49630964,176.0,6
49635615,65.0,0
49635989,80.0,1
49640482,392.0,9
49660095,125.0,4
49669522,186.0,6
49674862,185.0,6
49690346,103.0,3
49729529,76.0,1
49753340,215.0,7
49757688,130.0,4
49789328,90.0,2
49790599,80.0,1
49823114,142.0,5
49838245,164.0,6
49862390,155.0,5
49900559,53.0,0
49919136,69.0,0
49987126,200.0,7
49988121,180.0,6
50042645,202.0,7
50052704,136.0,5
50152209,98.0,2
50168861,77.0,1
50179678,144.0,5
50191232,131.0,4
50196441,176.0,6
50232242,292.0,8
50248402,95.0,2
50269559,83.0,1
50289737,389.0,9
50323786,115.0,4
50374934,100.0,3
50378909,99.0,2
50382189,116.0,4
50422282,228.0,7
50431419,77.0,1
50444628,157.0,6
50451684,431.0,9
50454057,189.0,6
50459172,206.0,7
50468375,134.0,5
50487663,330.0,8
50487679,123.0,4
50487811,385.0,9
50587814,319.0,8
50593994,145.0,5
50672066,46.0,0
50704896,115.0,4
50730302,151.0,5
50749508,58.0,0
50775740,150.0,5
50787381,190.0,7
50792341,130.0,4
50792460,65.0,0
50803225,58.0,0
50852923,126.0,4
50897156,248.0,8
50999191,243.0,7
51065737,95.0,2
51070134,161.0,6
51083596,83.0,1
51125182,99.0,2
51125183,99.0,2
51144414,243.0,7
51149286,120.0,4
51213408,306.0,8
51214506,151.0,5
51252799,190.0,7
51309707,113.0,3
51309708,113.0,3
51410351,109.0,3
51469099,423.0,9
51482414,150.0,5
51488337,99.0,2
51517166,144.0,5
51534720,121.0,4
51553495,500.0,9
51559316,150.0,5
51562372,124.0,4
51562902,109.0,3
51562918,140.0,5
51653656,368.0,9
51669500,70.0,0
51691471,197.0,7
51706509,103.0,3
51707443,190.0,7
51713535,79.0,1
51730225,289.0,8
51752014,264.0,8
51771518,168.0,6
51796389,425.0,9
51805099,142.0,5
51875440,419.0,9
51957729,969.0,9
51957993,819.0,9
51968754,55.0,0
52011289,113.0,3
52011291,113.0,3
52056409,95.0,2
52075715,83.0,1
52090223,276.0,8
52091373,336.0,8
52101450,77.0,1
52102809,71.0,1
52124988,94.0,2
52127768,72.0,1
52142496,167.0,6
52143097,257.0,8
52149843,172.0,6
52155553,102.0,3
52155554,130.0,4
52155555,211.0,7
52226257,252.0,8
52232865,149.0,5
52333380,76.0,1
52349393,150.0,5
52353435,99.0,2
52367944,87.0,2
52368270,96.0,2
52370777,120.0,4
52385221,38.0,0
52398541,89.0,2
52407559,160.0,6
52408697,147.0,5
52419566,457.0,9
52422900,75.0,1
52436930,222.0,7
52458524,41.0,0
52465101,225.0,7
52474452,107.0,3
52474453,409.0,9
52492240,175.0,6
52538189,185.0,6
52546451,200.0,7
52547772,135.0,5
52550992,250.0,8
52608720,131.0,4
52610201,85.0,1
52617199,273.0,8
52617860,313.0,8
52668715,102.0,3
52674349,66.0,0
52705474,302.0,8
52718800,102.0,3
52736029,376.0,9
52794539,209.0,7
52837228,223.0,7
52854417,275.0,8
52887058,134.0,5
52899477,499.0,9
52903285,27.0,0
52903885,133.0,5
52925881,198.0,7
52931930,131.0,4
52934930,115.0,4
52952113,279.0,8
52954755,56.0,0
52962331,15.0,0
52971784,129.0,4
52991459,453.0,9
53023564,88.0,2
53030063,110.0,3
53032790,171.0,6
53092220,1821.0,9
53093098,151.0,5
53125580,307.0,8
53179175,125.0,4
53204369,60.0,0
53273299,91.0,2
53273726,113.0,3
53281129,131.0,4
53289644,369.0,9
53310406,150.0,5
53310825,168.0,6
53311173,160.0,6
53312296,669.0,9
53395590,395.0,9
53395592,277.0,8
53430884,444.0,9
53449213,256.0,8
53457824,127.0,4
53495721,114.0,3
53506726,138.0,5
53508986,91.0,2
53541540,210.0,7
53547976,122.0,4
53558640,105.0,3
53561074,69.0,0
53606793,132.0,4
53643185,254.0,8
53643250,75.0,1
53648574,306.0,8
53671909,137.0,5
53690085,297.0,8
53699931,145.0,5
53722335,198.0,7
53742409,178.0,6
53753481,150.0,5
53784952,200.0,7
53784992,47.0,0
53785541,47.0,0
53793198,39.0,0
53826158,85.0,1
53832330,213.0,7
53845486,684.0,9
53846446,158.0,6
53857546,195.0,7
53888838,495.0,9
53926572,571.0,9
53982481,75.0,1
53982703,122.0,4
54006442,99.0,2
54011977,99.0,2
54044781,95.0,2
54072884,65.0,0
54119932,144.0,5
54138782,50.0,0
54184393,1057.0,9
54228904,232.0,7
54229794,137.0,5
54232479,120.0,4
54260374,211.0,7
54274825,41.0,0
54279055,133.0,5
54314797,244.0,7
54320316,69.0,0
54326499,132.0,4
54351140,175.0,6
54353223,167.0,6
54406242,40.0,0
534015342005836604,85.0,1
548708984302517493,99.0,2
549171551202496840,114.0,3
549301732339720593,174.0,6
549978484678641211,102.0,3
550551028937183208,78.0,1
551264073523811543,250.0,8
551423603343357575,106.0,3
552053633562355897,230.0,7
552154644562670350,140.0,5
554282156692351530,161.0,6
554287388846165092,208.0,7
554338948779706744,290.0,8
554540295389052125,99.0,2
556303216712717862,100.0,3
556453561587092335,115.0,4
557267473982972293,165.0,6
557368397297803157,225.0,7
557817593538158401,75.0,1
557873794986607231,144.0,5
558597394709287405,189.0,6
561483905539593879,145.0,5
561696274751615668,311.0,8
562151087989468295,35.0,0
564465514725800559,780.0,9
564682816014057596,452.0,9
565845862381025091,141.0,5
565916956349123822,238.0,7
566564176788326751,139.0,5
567235228834537605,114.0,3
567444958220784708,157.0,6
567933019816419619,548.0,9
569548244798677981,336.0,8
571027554473176486,130.0,4
571031709574723537,95.0,2
571539242864932619,91.0,2
571846084759795576,245.0,7
572435801484512661,235.0,7
572435816142415498,260.0,8
572435835067697316,278.0,8
572435867063700994,302.0,8
572435903541837350,348.0,9
572469838940652151,83.0,1
573082159149089383,262.0,8
573788729255175815,477.0,9
574528050452533802,204.0,7
574570250363828575,100.0,3
575374602222225785,132.0,4
577703974478980299,125.0,4
578762733048842826,160.0,6
579930049387493349,175.0,6
580441849807734395,249.0,8
583180347593401019,87.0,2
583433201809490265,64.0,0
583496461835542412,126.0,4
584595916036589563,464.0,9
585978338904685433,88.0,2
587158049597481686,141.0,5
587795283077235858,155.0,5
587875188664208473,65.0,0
588388462295176869,380.0,9
588559050060230555,154.0,5
589753454544295716,278.0,8
591230873312834346,126.0,4
591960600601075742,145.0,5
593332128562974077,140.0,5
593399979902305782,101.0,3
594684999868790964,139.0,5
594880254323625379,145.0,5
598483348359303456,60.0,0
598540165238320862,120.0,4
598600704928190553,444.0,9
598647640177093159,296.0,8
598722658189048119,921.0,9
600525407367572701,109.0,3
600576477040168354,158.0,6
600644787336850322,225.0,7
600689703786112609,296.0,8
600829985936198475,75.0,1
602044235063163642,191.0,7
602348265963130680,70.0,0
602348590325459976,75.0,1
602689442984691613,218.0,7
602906967916854218,142.0,5
604245525254946416,147.0,5
604391804107894692,95.0,2
604666093708571380,99.0,2
604938226380337686,129.0,4
607133559837798983,69.0,0
610265461685785634,192.0,7
610560281626401230,214.0,7
612239021482790858,200.0,7
613700249253498876,307.0,8
614302016810761350,121.0,4
614432345982798255,125.0,4
615126022901132487,129.0,4
615307974552362252,153.0,5
615681354405157243,239.0,7
616888515375292290,116.0,4
617493282921278807,86.0,2
617504595837233332,180.0,6
618110235047093838,100.0,3
618631910523278073,181.0,6
619483022361673632,983.0,9
619567362673536608,126.0,4
622400091046078341,72.0,1
623020462208497897,885.0,9
623153656813826582,989.0,9
625358586777386062,234.0,7
626718578774555759,90.0,2
627500017408762211,85.0,1
628105532636221295,260.0,8
628156041663377846,202.0,7
628370434306614889,586.0,9
628846920167906161,110.0,3
628861963820378561,133.0,5
629657604334214852,83.0,1
630472961938618312,81.0,1
630553964450826956,64.0,0
630971916235713858,107.0,3
631066632238704724,115.0,4
631761067050806095,220.0,7
631998910601981114,68.0,0
632611045895676379,185.0,6
632739314530565782,201.0,7
633160111807551765,329.0,8
633293213463335949,165.0,6
633473670831270678,99.0,2
633772538334050339,271.0,8
635355880329805661,155.0,5
635415350287429913,187.0,6
635453479167942216,88.0,2
637143277389380178,260.0,8
638599565124490140,292.0,8
639228394282746880,115.0,4
640420687296388472,145.0,5
640473347103600209,54.0,0
641186582779309765,220.0,7
641225233588116677,330.0,8
641304933834393681,328.0,8
641408235896240100,118.0,4
642768690636158694,125.0,4
643552941190255158,163.0,6
644782260633230559,350.0,9
645082046833169782,100.0,3
646209186010299913,164.0,6
647499540261382950,121.0,4
648391789873513026,94.0,2
649271498593305635,78.0,1
649917979938769946,162.0,6
650894722794239718,184.0,6
651471825772202562,117.0,4
651590529149953457,75.0,1
652311757396485871,212.0,7
653675062901887921,385.0,9
654194009538201852,75.0,1
654263673961572541,103.0,3
654362822315075318,165.0,6
655115155961969746,75.0,1
656541516341155950,333.0,8
658017930165418486,150.0,5
658106043154012154,93.0,2
658646619954194672,166.0,6
658784191155071456,250.0,8
658804581454342640,52.0,0
660310339680082178,100.0,3
660682507219527871,200.0,7
660829391095210143,78.0,1
661017790664427303,125.0,4
661619298131144900,191.0,7
664506620829969409,107.0,3
664995026930626855,146.0,5
665285983377320322,175.0,6
667240876916183414,84.0,1
668106311195140820,612.0,9
668686856973626686,95.0,2
668825067960935962,271.0,8
668880210547439250,800.0,9
669416515017704474,48.0,0
669756483535908337,999.0,9
670778011104116657,175.0,6
671623902125220796,110.0,3
671882192427658113,163.0,6
673618382327247833,129.0,4
673667437584241325,55.0,0
676759193993863114,52.0,0
676863018438068627,181.0,6
677353796235788057,56.0,0
679549078708065289,219.0,7
681294831848601446,601.0,9
681984555043356793,221.0,7
682732554537545976,82.0,1
683253387866026760,88.0,2
683419374652644627,65.0,0
683959567296407076,245.0,7
684276111985663750,524.0,9
685522508132856082,163.0,6
686055814693911306,93.0,2
686088974677118082,150.0,5
688382665214505680,103.0,3
688440633801136672,80.0,1
688527920286591172,256.0,8
689803734611520502,98.0,2
689988576141953763,131.0,4
690077496342128940,97.0,2
692635815829294148,80.0,1
692690736208081397,110.0,3
692747310050859560,100.0,3
693535146849398838,150.0,5
693580362829882827,149.0,5
695008307440529296,79.0,1
695155686927508143,221.0,7
696568972343201433,468.0,9
697623189194493800,338.0,8
698312292468788103,82.0,1
698312324969137172,82.0,1
698312346476999849,81.0,1
698312366002400383,83.0,1
698725929556587296,85.0,1
699184242751473256,216.0,7
699455719266132450,141.0,5
700134617928939908,200.0,7
700859437931507959,374.0,9
701379308767487416,110.0,3
701519587246830822,200.0,7
704201021761597436,49.0,0
705022840214875903,629.0,9
705350379570787090,225.0,7
705668629737875310,355.0,9
706351778017219235,132.0,4
706356638386568044,179.0,6
706357979909942586,175.0,6
706494156839410838,266.0,8
707223031567138922,347.0,8
707283217949702436,393.0,9
708626810243307113,499.0,9
709408626307472076,274.0,8
710202128153189712,199.0,7
711402753265928559,82.0,1
712158021471707255,200.0,7
712262301345135292,272.0,8
712284140232798079,294.0,8
712349930202774204,166.0,6
712359823273007794,92.0,2
713172242078826529,45.0,0
713624151554100780,125.0,4
714377701528965422,569.0,9
714670482096384597,325.0,8
715114759668615418,96.0,2
715313764611581951,174.0,6
715378065890700582,133.0,5
717338236140443946,82.0,1
717877485430444519,94.0,2
718051160607923605,221.0,7
718069047508654436,89.0,2
719605170711816265,211.0,7
720161564831875605,290.0,8
720169989167279784,70.0,0
720494975110782197,100.0,3
720952782993284483,69.0,0
722079813111451075,227.0,7
722082045108955258,251.0,8
722239695102639642,86.0,2
722503811840502032,116.0,4
724499520908533591,154.0,5
724812786793812111,87.0,2
726890842389291587,313.0,8
727557284655130228,324.0,8
727716425054670664,189.0,6
728068126846472435,53.0,0
729554998945769967,160.0,6
729883698713955634,234.0,7
730427233403003806,88.0,2
731826340233671263,173.0,6
731985170250976258,186.0,6
732068531393078498,112.0,3
735578419438653716,98.0,2
736295621510170074,175.0,6
739116609943778306,1492.0,9
739222634773710782,110.0,3
739340943221084317,80.0,1
739776038240648327,204.0,7
740808604549304446,105.0,3
742265784665629640,250.0,8
742643748995522886,149.0,5
743517816016987005,121.0,4
745583253920309322,577.0,9
745647738527624779,129.0,4
746222250886022872,50.0,0
747048050097929410,95.0,2
747937797086662089,96.0,2
750218471903867145,189.0,6
750526187830005720,184.0,6
750564384185817629,245.0,7
750662610827372615,52.0,0
751419245457888371,109.0,3
752174290794940635,229.0,7
753640610205687012,80.0,1
754895013944592964,71.0,1
755933245094974115,45.0,0
755952376148639107,132.0,4
756373781930465840,347.0,8
757898715723200984,463.0,9
760165895117553641,213.0,7
760907034908557093,77.0,1
760958043751310639,102.0,3
761515523247022201,138.0,5
761718230870384077,300.0,8
761734836187738677,154.0,5
762408080060331673,125.0,4
763694852078964309,198.0,7
764652071728217097,150.0,5
765205166812515394,256.0,8
765323061447346007,314.0,8
766964039883686554,93.0,2
770229270654622365,218.0,7
770869320258914486,175.0,6
771084327839050776,150.0,5
771776079617148623,438.0,9
771793196571267930,171.0,6
773240222646224667,102.0,3
774545010096556204,92.0,2
774781482022487824,86.0,2
775404892024131437,100.0,3
776014861241735902,86.0,2
776745452894507466,146.0,5
779598253679590567,412.0,9
779831052182176019,373.0,9
780141460555894020,400.0,9
781418110690128742,119.0,4
782690732521177969,100.0,3
783200712500479389,236.0,7
783468485250196758,363.0,9
785082616651050507,45.0,0
786308508636297203,90.0,2
786858671294872745,328.0,8
786892739148623801,116.0,4
788284791294189813,168.0,6
789275713131287156,818.0,9
790816914345274713,67.0,0
791273631100844517,140.0,5
792514918043734073,133.0,5
793535631103106347,249.0,8
797666977010512780,75.0,1
801677979931509402,1646.0,9
802359279474337656,199.0,7
802688730710512644,100.0,3
802827603438229708,227.0,7
803707023095655942,123.0,4
803712476358119746,218.0,7
804235967095343482,219.0,7
805942258921052192,429.0,9
806430918323857030,242.0,7
807354529237189568,74.0,1
808755513807830917,96.0,2
808832407323703451,86.0,2
809333299428005644,88.0,2
809620182647254901,278.0,8
811026130816354743,179.0,6
813099815984205443,160.0,6
813906334016229973,160.0,6
814028670818722419,109.0,3
815428632272085329,114.0,3
818359277182559055,239.0,7
821030675435216627,196.0,7
821285421345961579,542.0,9
821947800997638307,125.0,4
823075195848107845,118.0,4
823143613030338927,265.0,8
824582948839792664,111.0,3
825261368700959639,99.0,2
825357042765109909,78.0,1
825415053290113653,217.0,7
826162182781186712,139.0,5
827415644569762331,95.0,2
827599653801923303,113.0,3
828957064823370406,106.0,3
829202459815400479,310.0,8
829737607287146165,105.0,3
830456448676584755,60.0,0
830546863527097176,160.0,6
831250943446647268,82.0,1
831443447835778403,130.0,4
831847179747729654,136.0,5
831978562322702951,84.0,1
831980203296811461,84.0,1
834188475826652543,411.0,9
835485143685646452,120.0,4
836224189571898631,208.0,7
837617435139917268,109.0,3
839353043419162021,85.0,1
839701869911797731,72.0,1
840119666770919275,77.0,1
840607331908560244,101.0,3
840712325040919020,290.0,8
841304513878963200,190.0,7
841455744807692982,101.0,3
842577056486051421,148.0,5
842651523753576308,160.0,6
843579221824479246,53.0,0
844068528153943411,154.0,5
844886538694387858,77.0,1
846986376815412901,137.0,5
847122003938479347,242.0,7
847297156579855046,89.0,2
850666818338598615,108.0,3
852753902699444231,43.0,0
852986934018677953,68.0,0
853531231228833355,130.0,4
854269178753370152,111.0,3
854464602254373850,94.0,2
856550832635722499,125.0,4
856678083000821060,86.0,2
857164271085722596,374.0,9
857427415890334878,72.0,1
857918213730778256,97.0,2
858068027873898251,27.0,0
858068395098620771,213.0,7
858778017596263853,175.0,6
858889058897346588,92.0,2
859272629345608670,122.0,4
859278740184118442,157.0,6
859477116752256153,59.0,0
860118544528692769,183.0,6
860214814961263869,95.0,2
861562729483207247,215.0,7
861784147951896334,115.0,4
862395904656281056,115.0,4
863122077574641935,240.0,7
863668175659514649,545.0,9
863843775999116073,1043.0,9
864330520311480547,225.0,7
864662791083152036,90.0,2
865225666104756420,97.0,2
866570797047292576,117.0,4
866760195768806468,205.0,7
867993338712158581,119.0,4
868082230911607347,755.0,9
868699412050432804,189.0,6
869384351246628871,179.0,6
870527312327340177,88.0,2
870889896669576615,120.0,4
871730633283379525,72.0,1
872328403142933403,100.0,3
873745990637321415,146.0,5
873800024931120764,130.0,4
873874443853153665,201.0,7
874686282814242987,130.0,4
874724845616921931,421.0,9
874725103753806598,109.0,3
874725704041286705,109.0,3
875400629375636096,90.0,2
876689830803378456,70.0,0
876812545083823268,275.0,8
877423132566054942,295.0,8
877551972813715839,205.0,7
878022456989537209,196.0,7
878342497859586024,140.0,5
878345113794797280,145.0,5
878869172354794212,204.0,7
879109424040368993,77.0,1
879184902656869741,125.0,4
879677616363290344,95.0,2
881166181186050929,115.0,4
882561956783087793,307.0,8
884013514535350819,151.0,5
884613041906381054,109.0,3
884908539438212086,121.0,4
886378373066837454,241.0,7
886871167668195765,75.0,1
887061719314888767,105.0,3
888296287022908459,102.0,3
888360812984921293,190.0,7
888656865890341217,95.0,2
889694157859022963,90.0,2
889935277414203190,269.0,8
890084442453802553,211.0,7
890768353337358362,90.0,2
891353208032146142,65.0,0
891567522553682064,397.0,9
892020508004232135,91.0,2
892113107850098005,156.0,6
892716929803333450,404.0,9
892744973488950593,339.0,8
892761823089767349,149.0,5
893438632455160707,119.0,4
893716421577154531,952.0,9
895837214785840282,110.0,3
896232345865509396,239.0,7
896399886172098431,94.0,2
896899207791125247,289.0,8
896992738466574153,75.0,1
897053305111664749,45.0,0
897714614763558618,293.0,8
897738408951536733,293.0,8
898803034016367682,441.0,9
899212092415626033,40.0,0
900105062585449125,88.0,2
900137614649229914,74.0,1
901439717910084309,76.0,1
902039232279530268,1133.0,9
902043056459773980,866.0,9
903486801540157597,311.0,8
905061136653144135,974.0,9
905154333114072297,177.0,6
905154358245611560,181.0,6
905154383393409495,174.0,6
905154408774749090,175.0,6
905154459106096953,167.0,6
906558735828371317,101.0,3
907136929576085999,67.0,0
907311721592352305,120.0,4
907970414270132974,169.0,6
908463326021223147,67.0,0
908515528408361637,160.0,6
909430637865426557,273.0,8
910075730457319527,50.0,0
910236251610012703,99.0,2
910246575940347861,75.0,1
911446741074991676,461.0,9
912266648636837241,149.0,5
912519329404994614,37.0,0
912548857441480143,71.0,1
912556149336364754,91.0,2
912556709616696491,139.0,5
913558500955052687,83.0,1
913639609236218890,424.0,9
913737146291379712,75.0,1
914459090622383604,129.0,4
914485386467874668,75.0,1
915084960312092772,96.0,2
915365547791555861,337.0,8
916716228670191811,450.0,9
916890386805703130,130.0,4
917522748571398471,206.0,7
918907030463472865,40.0,0
919001786154332854,70.0,0
919679227749204195,155.0,5
920157313941291970,151.0,5
920404797652866756,347.0,8
920404826869152671,363.0,9
920404851897057844,335.0,8
920413920053955949,230.0,7
921731934713652513,59.0,0
921849366931019999,167.0,6
921976393482779982,218.0,7
923210724512697789,110.0,3
924646883925954105,140.0,5
925223043414842459,174.0,6
927578061672342952,355.0,9
929079995393281579,135.0,5
929106155344380274,135.0,5
931228431205741838,172.0,6
933290625920870944,175.0,6
934235942108626439,197.0,7
934235976511164442,484.0,9
934254178274913102,636.0,9
934254553856369722,595.0,9
934255592855102634,696.0,9
934256042476670989,792.0,9
934275202717613061,71.0,1
937635084114386852,126.0,4
937739898532382078,80.0,1
937765096957535160,104.0,3
938308796750327498,186.0,6
939852912388913682,173.0,6
940440797741865839,79.0,1
940492283292597065,115.0,4
941181143521798221,170.0,6
941405417225779197,150.0,5
941986228114776472,240.0,7
942157457050611710,317.0,8
942839218482237117,154.0,5
942858349908946356,99.0,2
943254648335275963,110.0,3
943631586247465070,100.0,3
944099436117551075,39.0,0
944814894478944448,106.0,3
945648970226298157,89.0,2
946245466416766945,149.0,5
946942152314059431,473.0,9
947603156471550068,104.0,3
947655534552526991,119.0,4
949142116052615875,86.0,2
949160817922917345,200.0,7
949938972628207213,558.0,9
949958386396884561,77.0,1
950016635621275606,159.0,6
950041853346200508,185.0,6
950052276023928506,346.0,8
950175437910794894,177.0,6
951995612084594204,149.0,5
952876845906063521,799.0,9
952889664707070763,188.0,6
954199869409361501,121.0,4
955233639796735067,36.0,0
955256297236854785,57.0,0
955272334235306587,400.0,9
956136699566538884,218.0,7
956404664058927153,99.0,2
956737871290842094,224.0,7
958536556489455533,60.0,0
958541071883618998,83.0,1
958767950041380450,378.0,9
959293048175371033,113.0,3
959431087080377518,246.0,8
960090157496125101,164.0,6
961534676926744397,100.0,3
962165832798178895,400.0,9
962421606426356360,57.0,0
963721505306368285,161.0,6
963824260733841709,79.0,1
964563614460941938,159.0,6
964576233970271176,366.0,9
964677706441318207,139.0,5
965271264541734186,85.0,1
966666297101138788,153.0,5
967615701891020277,179.0,6
968006354295930995,731.0,9
968019910571732803,51.0,0
968211839647559972,100.0,3
968751336227474963,242.0,7
968770924518536928,133.0,5
969525788706336177,180.0,6
970168506820404750,59.0,0
970362065191933500,55.0,0
970921559496889488,237.0,7
971071205108257107,250.0,8
971943099569006967,150.0,5
973945946707624089,105.0,3
974302574899708640,148.0,5
974703050666653931,131.0,4
975211414909665659,124.0,4
975268861656323863,54.0,0
977519015726399290,186.0,6
978886552213942803,155.0,5
978965916068667978,90.0,2
980740092749473740,79.0,1
981163890605149741,54.0,0
981196268342208181,101.0,3
982545032402908815,215.0,7
982844657289641009,150.0,5
982865812494991455,151.0,5
983342780207894845,190.0,7
983418681697230401,183.0,6
983937204393341862,302.0,8
984132157349204072,333.0,8
985362187058829435,200.0,7
985472399990254110,1400.0,9
985603215386469690,76.0,1
985751848271531215,96.0,2
987497194203671899,46.0,0
987729274107863972,173.0,6
989824435216148231,198.0,7
989858144273012695,50.0,0
992627417330266479,100.0,3
992721286990282291,83.0,1
993383922351576836,149.0,5
993577781842464127,99.0,2
994159110756261681,124.0,4
994449417374523129,215.0,7
994811812813340129,297.0,8
995088706348537572,50.0,0
995526459863483646,120.0,4
996270414184195438,171.0,6
997886868932295020,100.0,3
998408541452672847,86.0,2
999943947740090590,93.0,2
1000762258749813139,192.0,7
1002329555901600444,98.0,2
1002955022936612156,406.0,9
1003167972548646535,82.0,1
1003654664710367771,54.0,0
1003657966231423372,65.0,0
1008772230903306548,54.0,0
1009696350646566156,128.0,4
1011539622945987023,155.0,5
1011646740978772855,126.0,4
1011756765325293519,168.0,6
1013940615100135123,150.0,5
1013949858008669237,240.0,7
1016640853512861175,164.0,6
1017293471564733475,850.0,9
1018385414175209461,108.0,3
1018982479207111681,103.0,3
1019750955436579079,90.0,2
1021620037926112815,1160.0,9
1021851047276536648,78.0,1
1022048086717209299,33.0,0
1023053614954754762,285.0,8
1023111129937009121,178.0,6
1023985121498242862,179.0,6
1024008343348248280,490.0,9
1024933602083067392,97.0,2
1025273862003028720,328.0,8
1026011586961386844,164.0,6
1026663761984876970,90.0,2
1029022545889038824,120.0,4
1029934508668716956,313.0,8
1031377966614697036,50.0,0
1034333306104698250,105.0,3
1037137814691368924,91.0,2
1037137838814503708,91.0,2
1038369050294244492,198.0,7
1042076183667479199,121.0,4
1042298260025618001,100.0,3
1045930442276845410,120.0,4
1046996332735534663,99.0,2
